sha256	dest_filename	source_url	license	utc_date
c40306b066f21da214e171f076aea57dedfdecff57dbffe095d01850a63c0581	Jupiter_and_its_shrunken_Great_Red_Spot.jpg	https://commons.wikimedia.org/wiki/File%3AJupiter_and_its_shrunken_Great_Red_Spot.jpg	Public domain	2026-05-17
3f1ae63d6987c5d10d0221797b0757c5c348d2249f98f3ff89916f75dae20a19	Jupiter_by_Cassini-Huygens.jpg	https://commons.wikimedia.org/wiki/File%3AJupiter_by_Cassini-Huygens.jpg	Public domain	2026-05-17
94610a6e483d8b6a1206d3a7929e12055537cd085f4247eaccd17fb9920562cf	Saturn_during_Equinox.jpg	https://commons.wikimedia.org/wiki/File%3ASaturn_during_Equinox.jpg	Public domain	2026-05-17
60d1cf30001a1bb9de36ffa460f23aa506557882fbecc2cda45244b57f6c04ba	Saturn__planet__large_rotated.jpg	https://commons.wikimedia.org/wiki/File%3ASaturn_%28planet%29_large_rotated.jpg	Public domain	2026-05-17
539b37363198c386ae66b526f5204d586b7dee94df8ebe731cadd181d398eae8	lorc__tank.svg	https://raw.githubusercontent.com/game-icons/icons/master/lorc/tank.svg	CC-BY-3.0	2026-05-17
6e40f73d1e992b6054f8cae2dfc5882001ae6831ee5517330751691b1ad6c113	skoll__tank-tread.svg	https://raw.githubusercontent.com/game-icons/icons/master/skoll/tank-tread.svg	CC-BY-3.0	2026-05-17
2876790507ee94473404741e9ff83a67aadf0bbf2767ef33d744071044df3721	delapouite__helicopter.svg	https://raw.githubusercontent.com/game-icons/icons/master/delapouite/helicopter.svg	CC-BY-3.0	2026-05-17
25a7b2c8a48febb7158c04fa637800267e8d214414c5f78f2b0582639ee3d169	cathelineau__iron-hulled-warship.svg	https://raw.githubusercontent.com/game-icons/icons/master/cathelineau/iron-hulled-warship.svg	CC-BY-3.0	2026-05-17
34cbbe82c5d4cee725f4a194a64725fabef53243b2d94e6951d1507d97586b13	delapouite__submarine.svg	https://raw.githubusercontent.com/game-icons/icons/master/delapouite/submarine.svg	CC-BY-3.0	2026-05-17
7fff1af08de926e03fd3a89a073966448f977acac028a1637b397941faf13aa5	lord-berandas__bomber.svg	https://raw.githubusercontent.com/game-icons/icons/master/lord-berandas/bomber.svg	CC-BY-3.0	2026-05-17
e42545c4b805825e3e941f4b7479c67920796c286fe3c645de2badea55e4457e	sbed__rifle.svg	https://raw.githubusercontent.com/game-icons/icons/master/sbed/rifle.svg	CC-BY-3.0	2026-05-17
bc33053710b13be623486edc9a1e28211e78990217448f97210f91000bb163e4	delapouite__flamethrower-soldier.svg	https://raw.githubusercontent.com/game-icons/icons/master/delapouite/flamethrower-soldier.svg	CC-BY-3.0	2026-05-17
0e1114054e85d464c9e788b0d5dff3d13860de6b59f9194b45bae42c08786c1b	lorc__missile-mech.svg	https://raw.githubusercontent.com/game-icons/icons/master/lorc/missile-mech.svg	CC-BY-3.0	2026-05-17
da33f64b296311a5d25569720142424e068fed73f9d1e378131c8df145da1c54	lorc__cannon.svg	https://raw.githubusercontent.com/game-icons/icons/master/lorc/cannon.svg	CC-BY-3.0	2026-05-17
41d96121b73f65dea037f6f9d6d1f9f76ce2692603c486d60331ffcb0b526e63	pierre-leducq__anti-aircraft-gun.svg	https://raw.githubusercontent.com/game-icons/icons/master/pierre-leducq/anti-aircraft-gun.svg	CC-BY-3.0	2026-05-17
c80176a62eda2cec60d6334b142aafa4ab84f6958230685a3e19d9e5e044ad1f	quoting__artillery-shell.svg	https://raw.githubusercontent.com/game-icons/icons/master/quoting/artillery-shell.svg	CC-BY-3.0	2026-05-17
2339694fbf6cf39db839af82b15a9f230b9ab303336aab05194e7b271c0fa76b	lorc__rocket.svg	https://raw.githubusercontent.com/game-icons/icons/master/lorc/rocket.svg	CC-BY-3.0	2026-05-17
316598fbff55944b6053b2ab8fb4523e2617b058ed47e5796e846f2f3b2d317f	delapouite__mini-submarine.svg	https://raw.githubusercontent.com/game-icons/icons/master/delapouite/mini-submarine.svg	CC-BY-3.0	2026-05-17
54c10c69608b28856d6c90c8cd6086f198712b4d1da1aec875f9134e1e1c73f8	lorc__missile-pod.svg	https://raw.githubusercontent.com/game-icons/icons/master/lorc/missile-pod.svg	CC-BY-3.0	2026-05-17
8d9cfd69ff2f0a10de46efce2462625a3d69154944788f848c151d9dc4a81e7f	delapouite__jet-fighter.svg	https://raw.githubusercontent.com/game-icons/icons/master/delapouite/jet-fighter.svg	CC-BY-3.0	2026-05-17
5ca7b78db9dfd8efca07e4b1833cf951a6d0dc192fb779830cc097bf803381d8	delapouite__cavalry.svg	https://raw.githubusercontent.com/game-icons/icons/master/delapouite/cavalry.svg	CC-BY-3.0	2026-05-17
2905d9783a7ef709a6eab9587ef03f0fbaa5e9161d2c50c18dd9e90917b86f7f	lorc__locked-fortress.svg	https://raw.githubusercontent.com/game-icons/icons/master/lorc/locked-fortress.svg	CC-BY-3.0	2026-05-17
cd139b91c11138daae1cc9e32cee5ca4e43e1f165ba6bde1297f30780608716b	delapouite__castle.svg	https://raw.githubusercontent.com/game-icons/icons/master/delapouite/castle.svg	CC-BY-3.0	2026-05-17
92f7c435b8adc711ee65dc8d53765e9c7ccc11b556d31f52861e6d7deacd3563	quoting__bunker.svg	https://raw.githubusercontent.com/game-icons/icons/master/quoting/bunker.svg	CC-BY-3.0	2026-05-17
9584bb3c72fd5e5597f47dd592b109fc0a057afdf56ff1baa8eca6e834ffe639	delapouite__watchtower.svg	https://raw.githubusercontent.com/game-icons/icons/master/delapouite/watchtower.svg	CC-BY-3.0	2026-05-17
38013e8d79d3e02f036fabf5b450ca960235a806e5b79c22fa77f739db480d1c	lorc__stone-tower.svg	https://raw.githubusercontent.com/game-icons/icons/master/lorc/stone-tower.svg	CC-BY-3.0	2026-05-17
f1b13dfc4b4d5fea4e81e058031d8d02f2f1b776f3d246b66f13fb3768bb1050	delapouite__barracks.svg	https://raw.githubusercontent.com/game-icons/icons/master/delapouite/barracks.svg	CC-BY-3.0	2026-05-17
c33e8f5a722f3100371175b7dc004ad2c735a333d205f70e191735234c8e3fe1	heavenly-dog__defensive-wall.svg	https://raw.githubusercontent.com/game-icons/icons/master/heavenly-dog/defensive-wall.svg	CC-BY-3.0	2026-05-17
30110e052711d7986e0fc203536f9d5905978fbe7deff9eea8e2df242836a081	delapouite__triple-gate.svg	https://raw.githubusercontent.com/game-icons/icons/master/delapouite/triple-gate.svg	CC-BY-3.0	2026-05-17
27445cb16773b3e3548eea7898a5e5014ea0ec51dfee0495a6fd580ece4ded8e	delapouite__ancient-ruins.svg	https://raw.githubusercontent.com/game-icons/icons/master/delapouite/ancient-ruins.svg	CC-BY-3.0	2026-05-17
970049a503a93715dfc8cb51b2b0c0df949e07e86067f3b81181661bc925b9c7	delapouite__factory.svg	https://raw.githubusercontent.com/game-icons/icons/master/delapouite/factory.svg	CC-BY-3.0	2026-05-17
707f74b21ca66d231e63847af7ae12f396fc3fd9cd29802d55076f9bbefd0d99	delapouite__observatory.svg	https://raw.githubusercontent.com/game-icons/icons/master/delapouite/observatory.svg	CC-BY-3.0	2026-05-17
7c0637b7e0fe3c9f8c57726cb44b8afe2e0629e3b43a8e554af0624fbfd2080a	delapouite__control-tower.svg	https://raw.githubusercontent.com/game-icons/icons/master/delapouite/control-tower.svg	CC-BY-3.0	2026-05-17
53b8df3b907d560cba62313026423480dd4cf66c49ac97fb43dba8c1add54274	delapouite__power-generator.svg	https://raw.githubusercontent.com/game-icons/icons/master/delapouite/power-generator.svg	CC-BY-3.0	2026-05-17
867adff3d671be1afce374f3c20c0b49af7310e879ecd6105cb536cf75bc43f8	delapouite__oil-rig.svg	https://raw.githubusercontent.com/game-icons/icons/master/delapouite/oil-rig.svg	CC-BY-3.0	2026-05-17
fae1dfbf09a3ee5f2daaf7a86e05faabf5bbe39cfde8348303016465ab65db77	lorc__tower-fall.svg	https://raw.githubusercontent.com/game-icons/icons/master/lorc/tower-fall.svg	CC-BY-3.0	2026-05-17
0080003ce4ab0ad6479d007d84e8144a993faaf96339877e2c0bf17c0a57f9e7	delapouite__flag-objective.svg	https://raw.githubusercontent.com/game-icons/icons/master/delapouite/flag-objective.svg	CC-BY-3.0	2026-05-17
d4c05e105e7604d9d9257d3941659ea1addbe42d9ede32a22bd18c984f2ddeab	delapouite__crosshair.svg	https://raw.githubusercontent.com/game-icons/icons/master/delapouite/crosshair.svg	CC-BY-3.0	2026-05-17
a0530329c6e950a4bcd65c302042b5bc46834c0298293e7b687b3daae8fb5a8c	badges__crosshair.svg	https://raw.githubusercontent.com/game-icons/icons/master/badges/crosshair.svg	CC-BY-3.0	2026-05-17
613e6c9fff6a22270ee3c1bb08a1466a199088d559e30d9fc74edcde05b8f82e	sbed__targeted.svg	https://raw.githubusercontent.com/game-icons/icons/master/sbed/targeted.svg	CC-BY-3.0	2026-05-17
d977de17aa347c15a311e96ee4c7194837e47d119d2b5a06bc1dbbd2cd1a92f2	lorc__crossed-swords.svg	https://raw.githubusercontent.com/game-icons/icons/master/lorc/crossed-swords.svg	CC-BY-3.0	2026-05-17
29afebab77ace6a635b1727629d2f4c019ea3b6da2f3fcc9ebd3e464af6c3d58	lorc__crossed-axes.svg	https://raw.githubusercontent.com/game-icons/icons/master/lorc/crossed-axes.svg	CC-BY-3.0	2026-05-17
a5c07730d1976b7118bd186378bdf511900013d2e92a3c714be2c672a28bf101	delapouite__triangle-target.svg	https://raw.githubusercontent.com/game-icons/icons/master/delapouite/triangle-target.svg	CC-BY-3.0	2026-05-17
2bf571782b8046f6c281dd40517009a2f40e86320d2cf2f31224c63f8e132468	lorc__target-shot.svg	https://raw.githubusercontent.com/game-icons/icons/master/lorc/target-shot.svg	CC-BY-3.0	2026-05-17
59844847076335ce2ff91a48b65be75ff7dee19a85ed18201968e7723330369e	lorc__laurels.svg	https://raw.githubusercontent.com/game-icons/icons/master/lorc/laurels.svg	CC-BY-3.0	2026-05-17
7ae4096e433a6eb1efa73cb52e39b5eb1f674a210625b8b1bf5157d71c93c41a	badges__arrow-up.svg	https://raw.githubusercontent.com/game-icons/icons/master/badges/arrow-up.svg	CC-BY-3.0	2026-05-17
b1dec82235e3dc5c0c1f1385077f9207527b9a285a618b8798075a95e40edebd	badges__arrow-down.svg	https://raw.githubusercontent.com/game-icons/icons/master/badges/arrow-down.svg	CC-BY-3.0	2026-05-17
beb88d002e3f2e3759a41c626ff67f52b9d92d70605a24e8e8d3ea9915208f20	lorc__compass.svg	https://raw.githubusercontent.com/game-icons/icons/master/lorc/compass.svg	CC-BY-3.0	2026-05-17
841705f04916c86f1de79c7cf6095f63cbc65fc9bc67b1fe7e486f94ffcff973	lorc__tron-arrow.svg	https://raw.githubusercontent.com/game-icons/icons/master/lorc/tron-arrow.svg	CC-BY-3.0	2026-05-17
f64f1e6d337d5abfc2a5c43b765673db582bba813906743e70693ba5174e915c	lorc__winged-arrow.svg	https://raw.githubusercontent.com/game-icons/icons/master/lorc/winged-arrow.svg	CC-BY-3.0	2026-05-17
442526a4a77817ae21d51a86663a3a2f1c74e742acb50a6b566b832673df46c2	delapouite__convergence-target.svg	https://raw.githubusercontent.com/game-icons/icons/master/delapouite/convergence-target.svg	CC-BY-3.0	2026-05-17
8e39a29c282b497b06500ac8c965ed46acbc6b577dce747d393dae04cbff93e3	lorc__zig-arrow.svg	https://raw.githubusercontent.com/game-icons/icons/master/lorc/zig-arrow.svg	CC-BY-3.0	2026-05-17
85fd4ed0833727c4de43069bfcb5d4f075eaf154863e7d2a7f27c614df13ae8a	lorc__broadhead-arrow.svg	https://raw.githubusercontent.com/game-icons/icons/master/lorc/broadhead-arrow.svg	CC-BY-3.0	2026-05-17
2078718a7b6b77b69a94d1d2528b1a728a27acad30581b8c9249d67c7387f211	sbed__death-skull.svg	https://raw.githubusercontent.com/game-icons/icons/master/sbed/death-skull.svg	CC-BY-3.0	2026-05-17
15342fa3a17f4f8299ba36572077f05c0a8131962b57fbedb2c8b244bd165f77	lorc__triple-skulls.svg	https://raw.githubusercontent.com/game-icons/icons/master/lorc/triple-skulls.svg	CC-BY-3.0	2026-05-17
ee9b574fc11c6a4e9de5e0a909db39099cdce086ceea1b881e438a231a2eb90d	willdabeast__round-shield.svg	https://raw.githubusercontent.com/game-icons/icons/master/willdabeast/round-shield.svg	CC-BY-3.0	2026-05-17
7908b9040a26a5b58cf4fcf3806af1712883794fb7e2d5eca0d3bffc220c4cce	lorc__tattered-banner.svg	https://raw.githubusercontent.com/game-icons/icons/master/lorc/tattered-banner.svg	CC-BY-3.0	2026-05-17
c29599d79291503e31c94e93804d2b91f1c704c15615cf6ffc3e654609b5681c	delapouite__knight-banner.svg	https://raw.githubusercontent.com/game-icons/icons/master/delapouite/knight-banner.svg	CC-BY-3.0	2026-05-17
fa2ef10add5ea249576c95ee9f7c509cfc8e48db4d4d5d16991ed49c645e9aea	lorc__eagle-emblem.svg	https://raw.githubusercontent.com/game-icons/icons/master/lorc/eagle-emblem.svg	CC-BY-3.0	2026-05-17
0d8ccbcc7e8e01b1d71ccf7f3561f11e73eda239dbe98adea829464635cc468d	lorc__laurel-crown.svg	https://raw.githubusercontent.com/game-icons/icons/master/lorc/laurel-crown.svg	CC-BY-3.0	2026-05-17
79adb133e3bc3a9a38a0db715ecd1cb08d55bc012c70157a7bb9d650fb7cea6e	lorc__cog.svg	https://raw.githubusercontent.com/game-icons/icons/master/lorc/cog.svg	CC-BY-3.0	2026-05-17
3381f9cbbd289cf759ac92e227417901d15b6f99f18ed3d8f7df74b10a43cb94	lorc__biohazard.svg	https://raw.githubusercontent.com/game-icons/icons/master/lorc/biohazard.svg	CC-BY-3.0	2026-05-17
0313d1d3b6a4d0ad1cd13ba654192074b02b0eb6a8ad660fdd29fb2768f34b6f	delapouite__radiations.svg	https://raw.githubusercontent.com/game-icons/icons/master/delapouite/radiations.svg	CC-BY-3.0	2026-05-17
04114036cc5035e929a8c1f7a6d68ecdf65e71a1c585ab2a02161b0bacd6d7a2	skoll__nuclear-bomb.svg	https://raw.githubusercontent.com/game-icons/icons/master/skoll/nuclear-bomb.svg	CC-BY-3.0	2026-05-17
5777d80d60ca32b19b2ba7e549c80968365dd92e320552f0686e27d2773ad087	skoll__minefield.svg	https://raw.githubusercontent.com/game-icons/icons/master/skoll/minefield.svg	CC-BY-3.0	2026-05-17
9a993f3cfccf7f4df86aa127d8b28c0993a87795af117dbd3feceedad3b10a71	lorc__spiky-explosion.svg	https://raw.githubusercontent.com/game-icons/icons/master/lorc/spiky-explosion.svg	CC-BY-3.0	2026-05-17
1fd04bafc3b1b1d0aae7a63fadd22352f36dabf89189ec906dc0c26a882b2a25	badges__fire.svg	https://raw.githubusercontent.com/game-icons/icons/master/badges/fire.svg	CC-BY-3.0	2026-05-17
81f55d6dcd987e29f19f40b43c4a335176795b08ab261ca5509420cd43ef0941	skoll__carpet-bombing.svg	https://raw.githubusercontent.com/game-icons/icons/master/skoll/carpet-bombing.svg	CC-BY-3.0	2026-05-17
32803ba704ec596ead2ebc68a8d76e4e5cb60460a01b45bf5f6122b3b8b583c6	lorc__radioactive.svg	https://raw.githubusercontent.com/game-icons/icons/master/lorc/radioactive.svg	CC-BY-3.0	2026-05-17
bb1f2e1c1ff76cf2a9a165808e894b963efc40b5c41d39bd0e80e2690c3700f1	lorc__mine-explosion.svg	https://raw.githubusercontent.com/game-icons/icons/master/lorc/mine-explosion.svg	CC-BY-3.0	2026-05-17
9db950e4d48edfcbb02596c4aefb631ce5e71fbc4c8b1fd7583e2e5b572c8b95	oga_scifi_defense_Tatermand.psd	https://opengameart.org/content/top-down-sci-fi-shooterdefense-pack	CC0	2026-05-17
d8cc8af649a5e21d87a9f30a8a616fe2c0e94e68c80cdfe0df8ca72ec0f208ac	kenney_sokoban.zip	https://opengameart.org/content/sokoban-100-tiles	CC0	2026-05-17
1493982e64131a89e93aa9aadd85a77d1856969969fefa6a7f7a3d99f3201d84	cathelineau__battleship.svg	https://raw.githubusercontent.com/game-icons/icons/master/cathelineau/battleship.svg	CC-BY-3.0	2026-05-17
afa243f9e5483b224ad7a720094c48ed83d7c551d1019eb32013cd55323d3550	cathelineau__carrier.svg	https://raw.githubusercontent.com/game-icons/icons/master/cathelineau/carrier.svg	CC-BY-3.0	2026-05-17
20e3191f899b82f5ffd43cfbed110fc119b6741e5d98f6a48daa96316e28966e	cathelineau__cruiser.svg	https://raw.githubusercontent.com/game-icons/icons/master/cathelineau/cruiser.svg	CC-BY-3.0	2026-05-17
db0a1c2781f28f29bc2368ccbb5cf48148ddc9ebf74306369f3ead8951d288f0	delapouite__cargo-ship.svg	https://raw.githubusercontent.com/game-icons/icons/master/delapouite/cargo-ship.svg	CC-BY-3.0	2026-05-17
bc0f6ab9a58edf84b3896337ba80aefd95cccfeccc06c1b58dc65e072a408687	delapouite__spaceship.svg	https://raw.githubusercontent.com/game-icons/icons/master/delapouite/spaceship.svg	CC-BY-3.0	2026-05-17
711b9ccca9cddafae5533d49e0d983ab62e1d64009d0885aa687f5c5e9ef3d78	delapouite__ufo.svg	https://raw.githubusercontent.com/game-icons/icons/master/delapouite/ufo.svg	CC-BY-3.0	2026-05-17
859496d22d14b5aad04f1b32c1d70ee13a04fcc04d861c942da2e7f33eb33692	delapouite__truck.svg	https://raw.githubusercontent.com/game-icons/icons/master/delapouite/truck.svg	CC-BY-3.0	2026-05-17
de3b3909c4e9f4408bc61a4ebf6137ae761a8147a9669f9b2b7dab0f7c80f3ac	skoll__apc.svg	https://raw.githubusercontent.com/game-icons/icons/master/skoll/apc.svg	CC-BY-3.0	2026-05-17
d2a0d9a7492b9aae1dc0b6f275cc431e463227fe28ffff579309dbe532631d75	skoll__machine-gun.svg	https://raw.githubusercontent.com/game-icons/icons/master/skoll/machine-gun.svg	CC-BY-3.0	2026-05-17
5ddf4e4357381149b43198f801bcaab971c151ec437024de67f2d4b7858c44bb	delapouite__missile-launcher.svg	https://raw.githubusercontent.com/game-icons/icons/master/delapouite/missile-launcher.svg	CC-BY-3.0	2026-05-17
35aaa518c48c5d78fc05495bc983cf434a1baf8cb568e0e933e10d413a0e1518	delapouite__mortar.svg	https://raw.githubusercontent.com/game-icons/icons/master/delapouite/mortar.svg	CC-BY-3.0	2026-05-17
67031d776510759b7e6b1a737c8428df34003f9f1302502a89979b98a370ea0b	delapouite__flamethrower.svg	https://raw.githubusercontent.com/game-icons/icons/master/delapouite/flamethrower.svg	CC-BY-3.0	2026-05-17
023cb254f87fc798aa81afa371c34e2bb387ae9babed6a7beb3f87c85a8bf79e	sbed__turret.svg	https://raw.githubusercontent.com/game-icons/icons/master/sbed/turret.svg	CC-BY-3.0	2026-05-17
3f82f2794373bf3543cbcb8003a64885b2c8f85a9edfff47b8bef4367f2c4754	sbed__blaster.svg	https://raw.githubusercontent.com/game-icons/icons/master/sbed/blaster.svg	CC-BY-3.0	2026-05-17
0885afbee036c7921a33da14ab369d4a93776764efbb89e1d0590a26a40f2c1a	sbed__flamer.svg	https://raw.githubusercontent.com/game-icons/icons/master/sbed/flamer.svg	CC-BY-3.0	2026-05-17
5230cee74d6c4911b0156afd249735c6382caa411edbf1325b9d54b62bddef06	delapouite__defense-satellite.svg	https://raw.githubusercontent.com/game-icons/icons/master/delapouite/defense-satellite.svg	CC-BY-3.0	2026-05-17
81e97237ba2ad6e69aea6e2e38c7906e775f65b780f568313dc5c0ad77e794e7	lorc__satellite.svg	https://raw.githubusercontent.com/game-icons/icons/master/lorc/satellite.svg	CC-BY-3.0	2026-05-17
b05fb0f6ceda63adefcf930ca10d403946ccf8d400149a5d162ff0b9669577d1	lorc__missile-swarm.svg	https://raw.githubusercontent.com/game-icons/icons/master/lorc/missile-swarm.svg	CC-BY-3.0	2026-05-17
b03d2591028dcf8c6973fdabddb1af8bfc48ed8fafdc6eab139dcc81a781e5e7	delapouite__rocket-thruster.svg	https://raw.githubusercontent.com/game-icons/icons/master/delapouite/rocket-thruster.svg	CC-BY-3.0	2026-05-17
78a311fbfbe6eee157fe6f01b5715080d719b9582afe7430ae5f7c8c2614b421	sbed__grenade.svg	https://raw.githubusercontent.com/game-icons/icons/master/sbed/grenade.svg	CC-BY-3.0	2026-05-17
c3b1572f19826d95f33779e52f95a62ac80a0ee70304c68035cd7d3e3e014117	delapouite__machine-gun-magazine.svg	https://raw.githubusercontent.com/game-icons/icons/master/delapouite/machine-gun-magazine.svg	CC-BY-3.0	2026-05-17
4ad97e13e7209380d033a467c71a18dd5b7e826bd5ab7d6db1f935c4a34e4607	sbed__ammo-box.svg	https://raw.githubusercontent.com/game-icons/icons/master/sbed/ammo-box.svg	CC-BY-3.0	2026-05-17
c28cbd018b330d917ac2de7b578e6e07f621d084b36b8d9ddb17c39f994aa0a3	delapouite__warehouse.svg	https://raw.githubusercontent.com/game-icons/icons/master/delapouite/warehouse.svg	CC-BY-3.0	2026-05-17
4f99c374c4c6138e0f6022eb7f3a0e0c43d05608401117ef10c8aff6e2fe29f5	delapouite__harbor-dock.svg	https://raw.githubusercontent.com/game-icons/icons/master/delapouite/harbor-dock.svg	CC-BY-3.0	2026-05-17
88bf34bf986b8f2c38275e2735ca0f719cb959e28c5737bb2c2ed15c14acaffd	delapouite__hospital.svg	https://raw.githubusercontent.com/game-icons/icons/master/delapouite/hospital.svg	CC-BY-3.0	2026-05-17
8614d2e1d335b2cb68ba31fc7e0b1bfd7ba7c0acdd214067be3a8087bdbc3e3b	delapouite__nuclear-plant.svg	https://raw.githubusercontent.com/game-icons/icons/master/delapouite/nuclear-plant.svg	CC-BY-3.0	2026-05-17
55d68c5e797423273613136d4bb780ae7a05c2dd858c2a2f6f29c7e8e6718af3	delapouite__refinery.svg	https://raw.githubusercontent.com/game-icons/icons/master/delapouite/refinery.svg	CC-BY-3.0	2026-05-17
2400bb7fe14957e38d0ebd5d9b1bafd57740b835afd2e12168cdd877acf8e351	delapouite__fuel-tank.svg	https://raw.githubusercontent.com/game-icons/icons/master/delapouite/fuel-tank.svg	CC-BY-3.0	2026-05-17
6135ba9ae5cf1e877bd66e65bd5f52e11cc32e2680bde950461c3cdc2735e11d	lorc__castle.svg	https://raw.githubusercontent.com/game-icons/icons/master/lorc/castle.svg	CC-BY-3.0	2026-05-17
496317493b567edcdf88d8f61b3065a3046c2f805e1b90e1f0825c47a40040d3	delapouite__tower-bridge.svg	https://raw.githubusercontent.com/game-icons/icons/master/delapouite/tower-bridge.svg	CC-BY-3.0	2026-05-17
08640f99230de12b6fee05fbff3fd3cef08e5602ce69915077084596aca51132	lorc__cargo-crane.svg	https://raw.githubusercontent.com/game-icons/icons/master/lorc/cargo-crane.svg	CC-BY-3.0	2026-05-17
655bf38591bd0b33327e85b70c2fb06cae5391b13a05b4d81e0036afee584bce	delapouite__satellite-communication.svg	https://raw.githubusercontent.com/game-icons/icons/master/delapouite/satellite-communication.svg	CC-BY-3.0	2026-05-17
38b057f8b70285513cdd303cbf32b3e5523e9f3c9a9b31f63b66a701f157139f	lorc__radar-dish.svg	https://raw.githubusercontent.com/game-icons/icons/master/lorc/radar-dish.svg	CC-BY-3.0	2026-05-17
43815bf3e2fd0dde51e9ad23f90c1cc02d3f6095d1ca23afda780ae994ebf599	lorc__radar-sweep.svg	https://raw.githubusercontent.com/game-icons/icons/master/lorc/radar-sweep.svg	CC-BY-3.0	2026-05-17
df3dad98b86e60e2e1d5449dfc45022fb147f01befcefca50b3926de9b60bace	delapouite__radar-cross-section.svg	https://raw.githubusercontent.com/game-icons/icons/master/delapouite/radar-cross-section.svg	CC-BY-3.0	2026-05-17
d9e17cb147586d913bbe08567b4411bfa6612359fef7ecb87f4a02ebea83443a	sbed__reactor.svg	https://raw.githubusercontent.com/game-icons/icons/master/sbed/reactor.svg	CC-BY-3.0	2026-05-17
defe0aca6479293c9ba2e686aeef424ce6a22205f200617d40ef3f3f48909b4d	delapouite__valve.svg	https://raw.githubusercontent.com/game-icons/icons/master/delapouite/valve.svg	CC-BY-3.0	2026-05-17
e3400cfe921e42947d85529c358d163f0f813540d746fc88930b57706215547c	lorc__bridge.svg	https://raw.githubusercontent.com/game-icons/icons/master/lorc/bridge.svg	CC-BY-3.0	2026-05-17
6380dc62c1cd5a7b993cdc06acd6968b904c8ddb87fe6be50a149f7a73bd2e0d	delapouite__all-seeing-eye.svg	https://raw.githubusercontent.com/game-icons/icons/master/delapouite/all-seeing-eye.svg	CC-BY-3.0	2026-05-17
85023d5a908869cc9be1743ac8d99cb87caebeebe08b376184eeb0b6390f2486	lorc__crosshair-arrow.svg	https://raw.githubusercontent.com/game-icons/icons/master/lorc/crosshair-arrow.svg	CC-BY-3.0	2026-05-17
5d6060b2e5babaec47ed0ff079e0291790aeddf7f2bda41d4592ef86a956aeab	lorc__arrow-scope.svg	https://raw.githubusercontent.com/game-icons/icons/master/lorc/arrow-scope.svg	CC-BY-3.0	2026-05-17
48e7f68f77a89ae7e57b8f4d519f96e0f539e42277a4be3fe6c6840c8d330bfb	sbed__target-laser.svg	https://raw.githubusercontent.com/game-icons/icons/master/sbed/target-laser.svg	CC-BY-3.0	2026-05-17
db042c3dee6b8e10aff67344b0e59c596372e260456600755e7425461655b470	lorc__targeting.svg	https://raw.githubusercontent.com/game-icons/icons/master/lorc/targeting.svg	CC-BY-3.0	2026-05-17
c100e97c3796ae3b7bac0ff25529833784964aa5a52fe653de0fcf10404d33d0	lorc__target-arrows.svg	https://raw.githubusercontent.com/game-icons/icons/master/lorc/target-arrows.svg	CC-BY-3.0	2026-05-17
26e5829c72568cd911c4456038789b563b1ef0be702ff40755e70d327f84fe0a	lorc__target-dummy.svg	https://raw.githubusercontent.com/game-icons/icons/master/lorc/target-dummy.svg	CC-BY-3.0	2026-05-17
80d181f57c5424e939155eb8966716a4b9901b413f02f6317f96364af7dfb15c	delapouite__target-poster.svg	https://raw.githubusercontent.com/game-icons/icons/master/delapouite/target-poster.svg	CC-BY-3.0	2026-05-17
1c8e990347768c133c3fff148b24dc019f222de95d3620087ef730acff39d183	sbed__spawn-node.svg	https://raw.githubusercontent.com/game-icons/icons/master/sbed/spawn-node.svg	CC-BY-3.0	2026-05-17
be701e6836f017a5da658a8d2554ed65bc31c2e2cb1ab8aed714aba371171a1f	lorc__rally-the-troops.svg	https://raw.githubusercontent.com/game-icons/icons/master/lorc/rally-the-troops.svg	CC-BY-3.0	2026-05-17
45b1ba55ef44b3e3b58c073709dc65186cdac43285c206873096d2a6eb93de55	lorc__portal.svg	https://raw.githubusercontent.com/game-icons/icons/master/lorc/portal.svg	CC-BY-3.0	2026-05-17
280d9acf7de0b844c24bdbcd8bc2489e8394c2ae3fc86c492a38d6b74f6e836e	lorc__teleport.svg	https://raw.githubusercontent.com/game-icons/icons/master/lorc/teleport.svg	CC-BY-3.0	2026-05-17
e03bd20a878c7bdaacc1aee8098e589d62815f2ffb048398d1ea30dd93cff793	delapouite__arrow-cursor.svg	https://raw.githubusercontent.com/game-icons/icons/master/delapouite/arrow-cursor.svg	CC-BY-3.0	2026-05-17
61de82011c36b09d3c926817c4ecbb5e6fb304608343950c5801730930f743bc	delapouite__arrow-wings.svg	https://raw.githubusercontent.com/game-icons/icons/master/delapouite/arrow-wings.svg	CC-BY-3.0	2026-05-17
d4a055a7d5ae990869887026de1999f421df84f5d3f4a7415f86a9e06c008192	lorc__arrow-cluster.svg	https://raw.githubusercontent.com/game-icons/icons/master/lorc/arrow-cluster.svg	CC-BY-3.0	2026-05-17
a9bcdc871cbdd286cac19fc438c2ea66a3bca522e3e8ed8af6bef2bf51363440	lorc__arrowhead.svg	https://raw.githubusercontent.com/game-icons/icons/master/lorc/arrowhead.svg	CC-BY-3.0	2026-05-17
d72270df41df37786cc11cc67bb5dc8a6818e045b36e44552f989462621ad686	lorc__arrow-flights.svg	https://raw.githubusercontent.com/game-icons/icons/master/lorc/arrow-flights.svg	CC-BY-3.0	2026-05-17
634d8fa66005630a6fec71aed04c5d90674487968c120ee2b5dbddb1cea37e12	lorc__transportation-rings.svg	https://raw.githubusercontent.com/game-icons/icons/master/lorc/transportation-rings.svg	CC-BY-3.0	2026-05-17
58f5aa67e47921baaf099ec9d6299439158de6d92b0088a5c1e3a0b7b7e02227	lorc__orbital.svg	https://raw.githubusercontent.com/game-icons/icons/master/lorc/orbital.svg	CC-BY-3.0	2026-05-17
12b9c2b717075066c791f7e4b06999f5649f5a728913b5370eb00ca542eeef05	badges__crown.svg	https://raw.githubusercontent.com/game-icons/icons/master/badges/crown.svg	CC-BY-3.0	2026-05-17
043ebd4157c3ff2eef67122be175647346e8fb29ac75049f462a885a3daba713	badges__shield.svg	https://raw.githubusercontent.com/game-icons/icons/master/badges/shield.svg	CC-BY-3.0	2026-05-17
29a8e34e374b0b769ca8f1ebe9aaacb2b9c5341f4439306bfe332ead8ff48c5d	badges__cog.svg	https://raw.githubusercontent.com/game-icons/icons/master/badges/cog.svg	CC-BY-3.0	2026-05-17
2cc6c5699d80caab294edeacc318b662bffd0c3a672fe34062d5ef0c37a35fb7	lorc__crown.svg	https://raw.githubusercontent.com/game-icons/icons/master/lorc/crown.svg	CC-BY-3.0	2026-05-17
aedca7863ecc1228fcb450a46c1bf5fc9849f0ee7eb883382a118e92c386285e	lorc__crowned-skull.svg	https://raw.githubusercontent.com/game-icons/icons/master/lorc/crowned-skull.svg	CC-BY-3.0	2026-05-17
ce569972f43f7c2da13d4a2c3485157369a7b0100a281094e8ee6cf1b820ef4d	lorc__skull-shield.svg	https://raw.githubusercontent.com/game-icons/icons/master/lorc/skull-shield.svg	CC-BY-3.0	2026-05-17
b564532c9dbdd0d246309cf22e3dbac420bc69b738f7dadaf19af35ab134eac0	lorc__skull-signet.svg	https://raw.githubusercontent.com/game-icons/icons/master/lorc/skull-signet.svg	CC-BY-3.0	2026-05-17
5e17d69b58ffc15b1e5ea26c387dc22d3cb4b5266708363ffeeaf238a97ddb9a	lorc__hawk-emblem.svg	https://raw.githubusercontent.com/game-icons/icons/master/lorc/hawk-emblem.svg	CC-BY-3.0	2026-05-17
f475d21af4ddd3b3497d5996254b41813194caeb754db1320313960a9127e463	lorc__raven.svg	https://raw.githubusercontent.com/game-icons/icons/master/lorc/raven.svg	CC-BY-3.0	2026-05-17
773c6ebd829164fc73adc33b68a36fb2045c86864db7438643dea48b7aa47e16	lorc__wolf-head.svg	https://raw.githubusercontent.com/game-icons/icons/master/lorc/wolf-head.svg	CC-BY-3.0	2026-05-17
49097932fc1df10111d742bd61dd39880460c25cf1614009f0ae276026360482	lorc__lion.svg	https://raw.githubusercontent.com/game-icons/icons/master/lorc/lion.svg	CC-BY-3.0	2026-05-17
5767ccb8fa0f2e7996dfafb2dfcda0c33666a1c139b7ecfc747e8993530ed173	faithtoken__dragon-head.svg	https://raw.githubusercontent.com/game-icons/icons/master/faithtoken/dragon-head.svg	CC-BY-3.0	2026-05-17
18e4d3572966c4bac31f757aab6c3841cffc8489d44380eaa6213014cf7545c5	lorc__swords-emblem.svg	https://raw.githubusercontent.com/game-icons/icons/master/lorc/swords-emblem.svg	CC-BY-3.0	2026-05-17
9e62b23c24de80a5a4fd90d42562a478a6295e970666ffecac62cba0f0f71a83	lorc__crossed-sabres.svg	https://raw.githubusercontent.com/game-icons/icons/master/lorc/crossed-sabres.svg	CC-BY-3.0	2026-05-17
4c31098d4b301c3327b904715a533122d8b6755d19f657b8753297c69c7f122f	lorc__crossed-pistols.svg	https://raw.githubusercontent.com/game-icons/icons/master/lorc/crossed-pistols.svg	CC-BY-3.0	2026-05-17
c0c9c2359cc1fb66976fed317df7e5329ee5b2f0c7463f89b7aaebdb28d19834	lorc__battle-axe.svg	https://raw.githubusercontent.com/game-icons/icons/master/lorc/battle-axe.svg	CC-BY-3.0	2026-05-17
90109145ee04ed507f70ff934f5f939ffaea7c50fda8ee18e001de120fe3c115	lorc__fist.svg	https://raw.githubusercontent.com/game-icons/icons/master/lorc/fist.svg	CC-BY-3.0	2026-05-17
659cb47a80fc197d293e2a6720aaa7c06fd1ea0c2bad60183a7162fe2f9c1b76	delapouite__gauntlet.svg	https://raw.githubusercontent.com/game-icons/icons/master/delapouite/gauntlet.svg	CC-BY-3.0	2026-05-17
260ff96e39b1804e74072658cfa6cd382062826f6e8d40cb106fc530a6d38548	lorc__gears.svg	https://raw.githubusercontent.com/game-icons/icons/master/lorc/gears.svg	CC-BY-3.0	2026-05-17
192524a363f72c0dd3b826fe64ab76cc596d35eff3cf453d90abeedc85260279	delapouite__eagle-head.svg	https://raw.githubusercontent.com/game-icons/icons/master/delapouite/eagle-head.svg	CC-BY-3.0	2026-05-17
5fc4ebfcdb559e980199e47c2e929fa915c785215f373b1e1dd75c9fc7de57f4	lorc__spears.svg	https://raw.githubusercontent.com/game-icons/icons/master/lorc/spears.svg	CC-BY-3.0	2026-05-17
195432068dcd369e60f348cb0a3a6ea981b7040f440f89678f69d60b8a0e589c	sbed__nuclear.svg	https://raw.githubusercontent.com/game-icons/icons/master/sbed/nuclear.svg	CC-BY-3.0	2026-05-17
c29676b5be8accdfd20c1e7f49ec35be07812a5f24ad72cb2a18310e1c41a089	delapouite__nuclear-waste.svg	https://raw.githubusercontent.com/game-icons/icons/master/delapouite/nuclear-waste.svg	CC-BY-3.0	2026-05-17
83f2d15602c6bb2b1b0ab6b99beea7fb5693cdff4fe5184be3788a0f0ce0bd2d	lorc__gas-mask.svg	https://raw.githubusercontent.com/game-icons/icons/master/lorc/gas-mask.svg	CC-BY-3.0	2026-05-17
4687d4ec86cea0b7fedeadcdbabbe87cb0ef16ff3b7a13adeb5e425b25d8f355	lorc__virus.svg	https://raw.githubusercontent.com/game-icons/icons/master/lorc/virus.svg	CC-BY-3.0	2026-05-17
b47dfae7eb457c807428389505882802e2532db2fac4246e12a28eeefa3a0621	lorc__meteor-impact.svg	https://raw.githubusercontent.com/game-icons/icons/master/lorc/meteor-impact.svg	CC-BY-3.0	2026-05-17
e0e087f15c045a03240aad51674cb2c8b0b7262395e1bcd16d1d601491a47130	sbed__blast.svg	https://raw.githubusercontent.com/game-icons/icons/master/sbed/blast.svg	CC-BY-3.0	2026-05-17
06fc4f76d5b1144830eda7c98c53b66262718d4bc18c2de121ab82256dd4eefb	lorc__fireball.svg	https://raw.githubusercontent.com/game-icons/icons/master/lorc/fireball.svg	CC-BY-3.0	2026-05-17
6ef93e6693626ab5365670d0b75df18369c8af45c09613fd42973e1c34b9f3ee	lorc__barbed-wire.svg	https://raw.githubusercontent.com/game-icons/icons/master/lorc/barbed-wire.svg	CC-BY-3.0	2026-05-17
6578c1baa7a88152197dbf7f58970258dd0fb4af9b7b54feb73975a39f2f5248	lorc__alien-skull.svg	https://raw.githubusercontent.com/game-icons/icons/master/lorc/alien-skull.svg	CC-BY-3.0	2026-05-17
5bd01b5e90d6862a11287cb096587c8e010ff8755a3130218948c24f6caa205a	lorc__frostfire.svg	https://raw.githubusercontent.com/game-icons/icons/master/lorc/frostfire.svg	CC-BY-3.0	2026-05-17
